{
  "stable_score_model": {
    "num_grasps": 5000,
    "mean_cog_distance": 0.0776432603597641,
    "std_cog_distance": 0.037995342165231705,
    "median_cog_distance": 0.09078313410282135,
    "mean_grasp_score": 0.35023608803749084
  },
  "vanilla_model": {
    "num_grasps": 5000,
    "mean_cog_distance": 0.07674329727888107,
    "std_cog_distance": 0.0364237055182457,
    "median_cog_distance": 0.08633103966712952,
    "mean_grasp_score": 0.4478554129600525
  },
  "statistical_test": {
    "test": "Mann-Whitney U (stable < vanilla)",
    "statistic": 12819433.5,
    "p_value": 0.9865509366950453,
    "significant_at_0.05": false,
    "significant_at_0.01": false
  },
  "effect_size": {
    "cohens_d": -0.024180972948670387,
    "interpretation": "small"
  }
}